{"cameraMode":{"drawMode":0,"name":"Shaded","section":"Shading Mode"},"sceneLighting":false,"audioPlay":false,"sceneViewState":{"showFog":true,"showMaterialUpdate":true,"showSkybox":true,"showFlares":true,"showImageEffects":true,"showParticleSystems":true},"in2DMode":false,"pivot":{"x":7.886911392211914,"y":-3.581510066986084,"z":3.3788883686065676},"rotation":{"x":-0.17241021990776063,"y":-0.5103189945220947,"z":0.105253666639328,"w":-0.8359252214431763},"size":12.091797828674317,"orthographic":false}