{"cameraMode":{"drawMode":0,"name":"Shaded","section":"Shading Mode"},"sceneLighting":false,"audioPlay":false,"sceneViewState":{"showFog":true,"showMaterialUpdate":false,"showSkybox":true,"showFlares":true,"showImageEffects":true,"showParticleSystems":true},"in2DMode":false,"pivot":{"x":2.1357173919677736,"y":0.13891121745109559,"z":-0.6982070803642273},"rotation":{"x":0.2721690237522125,"y":-0.17572376132011414,"z":0.05062645673751831,"w":0.94471275806427},"size":4.621405124664307,"orthographic":false}