{"cameraMode":{"drawMode":0,"name":"Shaded","section":"Shading Mode"},"sceneLighting":false,"audioPlay":false,"sceneViewState":{"showFog":true,"showMaterialUpdate":true,"showSkybox":true,"showFlares":true,"showImageEffects":true,"showParticleSystems":true},"in2DMode":false,"pivot":{"x":76.45128631591797,"y":-35.02870559692383,"z":47.738773345947269},"rotation":{"x":-0.29589542746543887,"y":0.6523693799972534,"z":-0.3084103465080261,"w":-0.6258940100669861},"size":175.55502319335938,"orthographic":false}