{"cameraMode":{"drawMode":0,"name":"Shaded","section":"Shading Mode"},"sceneLighting":false,"audioPlay":false,"sceneViewState":{"showFog":true,"showMaterialUpdate":true,"showSkybox":true,"showFlares":true,"showImageEffects":true,"showParticleSystems":true},"in2DMode":false,"pivot":{"x":0.06777381896972656,"y":0.5388495922088623,"z":2.1712112426757814},"rotation":{"x":-0.11104220151901245,"y":0.025932520627975465,"z":-0.002898534992709756,"w":-0.9934731125831604},"size":40.932037353515628,"orthographic":false}