{"cameraMode":{"drawMode":0,"name":"Shaded","section":"Shading Mode"},"sceneLighting":false,"audioPlay":false,"sceneViewState":{"showFog":true,"showMaterialUpdate":true,"showSkybox":true,"showFlares":true,"showImageEffects":true,"showParticleSystems":true},"in2DMode":false,"pivot":{"x":0.4845731854438782,"y":0.3999938368797302,"z":-1.4837489128112794},"rotation":{"x":-0.031826358288526538,"y":-0.9557045698165894,"z":0.11263059079647064,"w":-0.2700561583042145},"size":4.9893035888671879,"orthographic":false}