{"cameraMode":{"drawMode":0,"name":"Shaded","section":"Shading Mode"},"sceneLighting":false,"audioPlay":false,"sceneViewState":{"showFog":true,"showMaterialUpdate":true,"showSkybox":true,"showFlares":true,"showImageEffects":true,"showParticleSystems":true},"in2DMode":false,"pivot":{"x":3.233287811279297,"y":-0.21932220458984376,"z":10.220876693725586},"rotation":{"x":0.10677716881036759,"y":0.7897266149520874,"z":-0.14371436834335328,"w":0.5867510437965393},"size":22.0,"orthographic":false}