{"cameraMode":{"drawMode":0,"name":"Shaded","section":"Shading Mode"},"sceneLighting":false,"audioPlay":false,"sceneViewState":{"showFog":true,"showMaterialUpdate":true,"showSkybox":true,"showFlares":true,"showImageEffects":true,"showParticleSystems":true},"in2DMode":false,"pivot":{"x":-4.5983967781066898,"y":-1.3271186351776124,"z":-0.977367103099823},"rotation":{"x":-0.19784465432167054,"y":0.6303650736808777,"z":-0.17060300707817079,"w":-0.7310212254524231},"size":9.507852554321289,"orthographic":false}