{"cameraMode":{"drawMode":0,"name":"Shaded","section":"Shading Mode"},"sceneLighting":false,"audioPlay":false,"sceneViewState":{"showFog":true,"showMaterialUpdate":true,"showSkybox":true,"showFlares":true,"showImageEffects":true,"showParticleSystems":true},"in2DMode":false,"pivot":{"x":-0.10316324234008789,"y":0.7324050664901733,"z":-0.8731370568275452},"rotation":{"x":-0.09558150917291641,"y":-0.751786470413208,"z":0.11178990453481674,"w":-0.642794132232666},"size":5.121771335601807,"orthographic":false}