{"cameraMode":{"drawMode":0,"name":"Shaded","section":"Shading Mode"},"sceneLighting":true,"audioPlay":false,"sceneViewState":{"showFog":true,"showMaterialUpdate":true,"showSkybox":true,"showFlares":true,"showImageEffects":true,"showParticleSystems":true},"in2DMode":false,"pivot":{"x":24.14484405517578,"y":-22.203479766845704,"z":-24.679588317871095},"rotation":{"x":0.0913623794913292,"y":0.9060474038124085,"z":-0.2539873719215393,"w":0.32591646909713747},"size":59.52058410644531,"orthographic":false}