{"cameraMode":{"drawMode":0,"name":"Shaded","section":"Shading Mode"},"sceneLighting":false,"audioPlay":false,"sceneViewState":{"showFog":true,"showMaterialUpdate":true,"showSkybox":true,"showFlares":true,"showImageEffects":true,"showParticleSystems":true},"in2DMode":false,"pivot":{"x":-7.372225761413574,"y":-0.13754916191101075,"z":2.1712114810943605},"rotation":{"x":0.247782900929451,"y":-0.11793786287307739,"z":0.03040494956076145,"w":0.9611294865608215},"size":40.932037353515628,"orthographic":false}