{"cameraMode":{"drawMode":0,"name":"Shaded","section":"Shading Mode"},"sceneLighting":false,"audioPlay":false,"sceneViewState":{"showFog":true,"showMaterialUpdate":true,"showSkybox":true,"showFlares":true,"showImageEffects":true,"showParticleSystems":true},"in2DMode":false,"pivot":{"x":822.3172607421875,"y":222.71646118164063,"z":325.6310119628906},"rotation":{"x":0.1753702163696289,"y":-0.17326539754867555,"z":0.03136962279677391,"w":0.9686281085014343},"size":222.0908966064453,"orthographic":false}