{"cameraMode":{"drawMode":0,"name":"Shaded","section":"Shading Mode"},"sceneLighting":true,"audioPlay":false,"sceneViewState":{"showFog":true,"showMaterialUpdate":true,"showSkybox":true,"showFlares":true,"showImageEffects":true,"showParticleSystems":true},"in2DMode":false,"pivot":{"x":2.5309643745422365,"y":4.672969818115234,"z":6.924829959869385},"rotation":{"x":-0.018642477691173555,"y":0.7152895927429199,"z":0.019095780327916147,"w":0.6983184814453125},"size":2.0994045734405519,"orthographic":false}