{"cameraMode":{"drawMode":0,"name":"Shaded","section":"Shading Mode"},"sceneLighting":false,"audioPlay":false,"sceneViewState":{"showFog":true,"showMaterialUpdate":true,"showSkybox":true,"showFlares":true,"showImageEffects":true,"showParticleSystems":true},"in2DMode":false,"pivot":{"x":785.303955078125,"y":224.1341094970703,"z":237.26806640625},"rotation":{"x":0.04508015885949135,"y":0.9015467166900635,"z":-0.09693565219640732,"w":0.4192669987678528},"size":6.630480766296387,"orthographic":false}